nombre,correo,contrasena
UsuarioPrueba1,usuario1@example.com,password123
UsuarioPrueba2,usuario2@example.com,password123
UsuarioPrueba3,usuario3@example.com,password123
UsuarioPrueba4,usuario4@example.com,password123
UsuarioPrueba5,usuario5@example.com,password123
UsuarioPrueba6,usuario6@example.com,password123
UsuarioPrueba7,usuario7@example.com,password123
UsuarioPrueba8,usuario8@example.com,password123
UsuarioPrueba9,usuario9@example.com,password123
UsuarioPrueba10,usuario10@example.com,password123
UsuarioPrueba11,usuario11@example.com,password123
UsuarioPrueba12,usuario12@example.com,password123
UsuarioPrueba13,usuario13@example.com,password123
UsuarioPrueba14,usuario14@example.com,password123
UsuarioPrueba15,usuario15@example.com,password123
UsuarioPrueba16,usuario16@example.com,password123
UsuarioPrueba17,usuario17@example.com,password123
UsuarioPrueba18,usuario18@example.com,password123
UsuarioPrueba19,usuario19@example.com,password123
UsuarioPrueba20,usuario20@example.com,password123
UsuarioPrueba21,usuario21@example.com,password123
UsuarioPrueba22,usuario22@example.com,password123
UsuarioPrueba23,usuario23@example.com,password123
UsuarioPrueba24,usuario24@example.com,password123
UsuarioPrueba25,usuario25@example.com,password123
UsuarioPrueba26,usuario26@example.com,password123
UsuarioPrueba27,usuario27@example.com,password123
UsuarioPrueba28,usuario28@example.com,password123
UsuarioPrueba29,usuario29@example.com,password123
UsuarioPrueba30,usuario30@example.com,password123
UsuarioPrueba31,usuario31@example.com,password123
UsuarioPrueba32,usuario32@example.com,password123
UsuarioPrueba33,usuario33@example.com,password123
UsuarioPrueba34,usuario34@example.com,password123
UsuarioPrueba35,usuario35@example.com,password123
UsuarioPrueba36,usuario36@example.com,password123
UsuarioPrueba37,usuario37@example.com,password123
UsuarioPrueba38,usuario38@example.com,password123
UsuarioPrueba39,usuario39@example.com,password123
UsuarioPrueba40,usuario40@example.com,password123
UsuarioPrueba41,usuario41@example.com,password123
UsuarioPrueba42,usuario42@example.com,password123
UsuarioPrueba43,usuario43@example.com,password123
UsuarioPrueba44,usuario44@example.com,password123
UsuarioPrueba45,usuario45@example.com,password123
UsuarioPrueba46,usuario46@example.com,password123
UsuarioPrueba47,usuario47@example.com,password123
UsuarioPrueba48,usuario48@example.com,password123
UsuarioPrueba49,usuario49@example.com,password123
UsuarioPrueba50,usuario50@example.com,password123
